Model,Accuracy,F1-Score,Recall,Time (s)
Naive Bayes,0.8586439637981286,0.8466952492697124,0.8586439637981286,0.9464554786682129
Random Forest,0.4309326583831876,0.5459685400656161,0.4309326583831876,13.016908168792725
